id,first_name,last_name,email
2,Joy,Gardner,fjohnson
,Jeffrey,Lawrence,blakeerik@example.com
7,Christian,Carter,barbara10
,Jeremy,Roberts,wyattmichelle@example.com
,John,Ford,veronica83@example.net
19,Karen,Mack,daniel62
21,Monica,Evans,ericfarmer
22,Stephanie,Nielsen,georgetracy
23,Sarah,Koch,john39
,Corey,Pearson,novaksara@example.org
44,Leslie,Green,john62
50,Joseph,Jacobs,
,Erik,Haynes,ebrennan@example.org
62,William,Frazier,
,John,Gonzales,jimmy55@example.net
,Caleb,Russell,nperry@example.com
84,Jessica,Marsh,tracynelson
91,Mary,Howell,
,Caroline,Martinez,reedross@example.com
,Nicole,Sanchez,qhudson@example.com
,Bonnie,Kennedy,ronald85@example.com
110,Michael,Turner,joshuamccann
112,Justin,Mendoza,jack04
116,Kenneth,Chapman,
118,Eric,Thompson,moorericky
122,Brian,Sparks,
,Michelle,Hill,ymorgan@example.net
,Joseph,Smith,mary97@example.org
142,Tina,Simpson,
,Molly,Sawyer,dgarcia@example.org
,Norman,Stewart,cbrennan@example.net
156,Randy,Smith,
163,Michelle,Ramsey,zcoffey
,Emily,Ruiz,rose31@example.net
167,Madison,Blankenship,debra12
,Sophia,Torres,pwilson@example.net
175,Casey,Hubbard,
180,Brittney,Hayes,soniawilliams
,Mark,Vang,shawn96@example.org
194,Joseph,White,sandra50
196,Teresa,Davis,
199,Scott,Nelson,
203,Jane,Mason,
,Steve,Miller,barbara96@example.net
,Danielle,Roberts,usmith@example.org
208,Jeffrey,Maxwell,
224,Kyle,Bennett,lisa81
227,Kenneth,French,
234,Monique,Williams,
239,Debra,Moody,
,Danielle,Dean,rodriguezrebecca@example.net
246,Alexandra,Ward,myerstheodore
255,Heather,Richardson,laurie61
257,Kenneth,Griffin,cjackson
,Jacob,Holmes,greenjorge@example.com
,Tammy,Downs,jenna88@example.com
,Ashley,Mcdonald,cherylmiller@example.com
271,Raymond,Love,xfox
278,Matthew,Bradshaw,
,Robert,Marshall,catherine55@example.net
287,Tyrone,Robertson,
294,Laura,Morgan,
,Richard,Williams,taylormason@example.com
,Edward,Vaughn,nshaw@example.com
306,Rhonda,Peterson,erica49
312,Heather,Taylor,johnsantiago
313,Jeremiah,Hall,gutierrezjennifer
314,Erin,Taylor,
324,Thomas,Boyle,
328,Timothy,Gibson,robert87
329,Laurie,Petersen,
333,Sean,Brown,williambryant
339,Dean,Dalton,
346,Lisa,Dennis,barbara53
,Sarah,Riley,mphillips@example.com
,Tracy,Jackson,gary87@example.org
365,Sabrina,Weaver,warrenmary
374,Clayton,Gray,
,George,Porter,vnewman@example.net
,Randy,Ayala,walterskristen@example.com
405,Michael,Holland,hartdeanna
,Robert,Nixon,guerrajessica@example.com
413,Greg,Moore,omullen
416,Jamie,Goodwin,raylauren
420,Samantha,Lawrence,
422,Patrick,Lopez,angelaburns
445,Clarence,Ward,watsonrebecca
446,Brett,Garrett,rubendavis
447,Aaron,Woods,brittneystone
,April,Hicks,dphillips@example.org
458,Pamela,Smith,sarah26
460,Alvin,Jones,
,Justin,Marquez,zhenderson@example.org
,Samantha,Mccann,amandamyers@example.net
,Alexander,Crawford,alexandra42@example.com
475,Margaret,Duncan,shawrachel
,Jeffrey,Black,finleycasey@example.com
482,Jessica,Garcia,
485,Lori,Jones,grahamtamara
488,Daniel,Garcia,
497,David,Dunlap,jacksonaudrey
513,Samantha,Schroeder,susan56
518,Antonio,Guzman,daniellegarcia
,Donald,Mcgee,michaelflores@example.net
,Janet,Reynolds,catherinehamilton@example.org
,Jose,Hood,hernandezheather@example.org
553,Michelle,Nicholson,
,Christopher,Johnson,martinashley@example.org
,Erica,Holloway,asilva@example.net
568,Linda,Lang,rguerrero
,Jennifer,Rios,jordan66@example.com
,Rachel,Pena,michaelgarner@example.com
,Mikayla,James,robert22@example.org
578,Kimberly,Freeman,
580,David,Hamilton,
,Andrew,Smith,jeremywiley@example.com
583,David,Reyes,gary04
,George,Howard,rfriedman@example.net
602,Joseph,Cruz,pmarsh
,Jennifer,Rodriguez,owilliams@example.net
,Robert,French,tammy00@example.net
,Susan,Meyer,robertherrera@example.org
649,Patrick,Hogan,
,Laura,Grant,rhondarussell@example.com
673,Tony,Rodriguez,wilkinsonmichele
677,Philip,Vance,dennis88
682,Rebecca,Ward,
685,Zachary,Bennett,
686,Tommy,Olson,shawdon
,Jerry,Robertson,jason22@example.com
,Timothy,Mendoza,brittanyholland@example.com
714,Holly,Gilbert,
,Steve,Norris,craignicolas@example.org
734,Mark,Salazar,
736,Jaclyn,Watson,lramirez
737,David,Johnston,lisale
,Angela,Chase,dustinhaley@example.org
741,Brandon,Garcia,briancervantes
746,Justin,Welch,mirandadavidson
,Justin,Sims,alisonjackson@example.org
,Aaron,Ochoa,mauriceharrison@example.org
,Samuel,Wright,oclayton@example.com
,Shawn,Graves,blopez@example.org
768,Matthew,Collins,
,John,Wise,cwright@example.org
772,Steven,Wise,thomasmaldonado
776,Brenda,Foster,albertwilliams
784,Lori,Weaver,osmith
793,Brian,Jensen,navarromary
804,Sara,Moore,
812,Tasha,Mullins,walkerkeith
824,Holly,Smith,scottbrian
833,Cheyenne,Garrett,robertberry
,Susan,Turner,edwin31@example.org
847,Sheila,Armstrong,
848,Natalie,Sanchez,cterrell
,Heather,Meadows,jennifermartinez@example.org
,Emily,Carr,tammycurry@example.com
869,Ashley,Krause,
870,Justin,Lynch,jordan99
892,Amanda,Mejia,nelsoneric
,Alexis,Dean,clarkmichael@example.com
,Rebecca,Williams,bbrown@example.com
899,Ashley,Davis,tdavis
901,Michelle,Jensen,
,Jacqueline,Hoover,daniel40@example.org
917,Ryan,Lawrence,jennifer66
,Samuel,Branch,taylorlinda@example.com
922,Patricia,Dominguez,dhanson
928,Susan,Miller,
936,Kimberly,Young,laurenatkins
939,Becky,Wilkinson,
,Jesus,Vega,jwells@example.net
,Felicia,Williams,stephanie69@example.net
952,Donna,Jones,
953,Heather,Contreras,
963,Cynthia,Benjamin,diazmelissa
,Matthew,Morgan,sullivanjason@example.net
,Elizabeth,Ellis,joycehall@example.org
,Lori,Davis,marybrown@example.org
977,Bryan,Hill,xjackson
982,Heather,Carlson,fsalazar
989,Sara,Thompson,
999,Jessica,Fitzgerald,
